zipcode,area
19120,PA
19124,PA
19143,PA
19111,PA
19134,PA
19720,PA
19020,PA
19446,PA
19149,PA
19140,PA
19382,PA
19320,PA
19702,PA
19104,PA
19067,PA
19711,PA
08081,PA
19148,PA
19380,PA
19145,PA
19335,PA
19464,PA
08053,PA
08021,PA
21921,PA
19403,PA
19144,PA
19131,PA
08054,PA
19401,PA
19139,PA
19082,PA
18974,PA
19805,PA
19136,PA
19460,PA
08094,PA
19701,PA
08012,PA
19426,PA
19808,PA
18966,PA
08080,PA
19121,PA
19132,PA
19147,PA
08096,PA
19083,PA
19063,PA
19128,PA
19013,PA
19146,PA
19709,PA
19047,PA
18951,PA
19154,PA
08016,PA
19152,PA
19115,PA
19116,PA
19135,PA
19002,PA
19138,PA
19087,PA
19038,PA
08046,PA
19141,PA
19114,PA
19026,PA
08003,PA
19713,PA
19151,PA
19142,PA
08043,PA
08105,PA
08075,PA
18940,PA
19050,PA
19454,PA
18901,PA
08055,PA
19119,PA
19133,PA
19053,PA
19468,PA
19810,PA
19130,PA
19355,PA
08060,PA
08088,PA
19802,PA
18944,PA
19064,PA
08104,PA
19438,PA
19406,PA
19150,PA
19018,PA
19125,PA
08109,PA
08002,PA
19348,PA
19023,PA
19103,PA
19122,PA
19006,PA
19803,PA
19014,PA
19007,PA
19010,PA
08057,PA
18914,PA
18902,PA
08015,PA
19040,PA
19008,PA
08028,PA
19061,PA
18976,PA
08052,PA
19027,PA
08110,PA
19090,PA
08085,PA
19422,PA
19073,PA
08077,PA
08034,PA
19342,PA
08108,PA
19440,PA
19804,PA
19046,PA
08505,PA
19054,PA
19057,PA
19363,PA
19465,PA
19001,PA
19341,PA
19015,PA
19428,PA
19707,PA
19801,PA
08033,PA
21901,PA
19044,PA
19126,PA
08062,PA
19473,PA
19056,PA
18969,PA
08103,PA
19107,PA
19462,PA
19703,PA
19525,PA
19809,PA
18938,PA
19055,PA
19425,PA
18964,PA
08107,PA
19096,PA
19390,PA
19123,PA
08030,PA
08069,PA
08070,PA
19036,PA
08009,PA
08318,PA
19003,PA
08048,PA
18960,PA
08004,PA
19153,PA
19030,PA
19344,PA
19106,PA
19734,PA
08031,PA
19312,PA
08010,PA
19086,PA
19060,PA
19475,PA
19078,PA
21911,PA
08079,PA
19129,PA
19350,PA
08051,PA
19352,PA
08322,PA
19444,PA
19081,PA
19021,PA
08106,PA
19118,PA
18954,PA
08093,PA
19806,PA
08071,PA
19072,PA
19317,PA
08083,PA
19004,PA
18073,PA
18929,PA
19079,PA
08098,PA
19085,PA
08022,PA
19137,PA
19311,PA
08066,PA
08078,PA
08090,PA
19343,PA
08312,PA
19033,PA
08640,PA
08086,PA
08035,PA
08102,PA
19807,PA
08065,PA
19075,PA
19070,PA
21904,PA
19095,PA
08084,PA
19365,PA
19333,PA
08068,PA
19012,PA
19032,PA
19076,PA
19301,PA
19041,PA
18925,PA
18947,PA
19034,PA
08036,PA
19127,PA
19074,PA
19066,PA
08344,PA
19362,PA
08059,PA
19520,PA
19330,PA
19025,PA
08562,PA
08091,PA
08049,PA
08007,PA
08343,PA
08518,PA
08027,PA
08029,PA
08056,PA
19102,PA
08515,PA
19094,PA
18977,PA
19373,PA
08089,PA
19029,PA
08554,PA
19717,PA
19022,PA
08641,PA
08097,PA
19383,PA
08063,PA
19310,PA
08045,PA
08061,PA
19043,PA
08026,PA
08020,PA
19706,PA
08067,PA
19716,PA
19372,PA
08328,PA
19374,PA
19319,PA
08041,PA
08001,PA
08511,PA
19345,PA
18946,PA
19358,PA
18980,PA
08014,PA
19730,PA
08023,PA
08032,PA
19017,PA
19731,PA
08095,PA
08072,PA
08073,PA
18933,PA
19316,PA
18913,PA
19367,PA
19477,PA
08039,PA
19457,PA
08038,PA
19113,PA
19733,PA
19375,PA
08074,PA
19442,PA
19710,PA
18912,PA
19736,PA
19732,PA
19112,PA
19735,PA
18936,PA
19109,PA
19110,PA
18934,PA
18991,PA
19048,PA
19049,PA
33510,Tampa
33511,Tampa
33523,Tampa
33525,Tampa
33527,Tampa
33534,Tampa
33540,Tampa
33541,Tampa
33542,Tampa
33543,Tampa
33544,Tampa
33545,Tampa
33547,Tampa
33548,Tampa
33549,Tampa
33556,Tampa
33558,Tampa
33559,Tampa
33563,Tampa
33565,Tampa
33566,Tampa
33567,Tampa
33569,Tampa
33570,Tampa
33572,Tampa
33573,Tampa
33576,Tampa
33578,Tampa
33579,Tampa
33584,Tampa
33592,Tampa
33594,Tampa
33596,Tampa
33598,Tampa
33602,Tampa
33603,Tampa
33604,Tampa
33605,Tampa
33606,Tampa
33607,Tampa
33609,Tampa
33610,Tampa
33611,Tampa
33612,Tampa
33613,Tampa
33614,Tampa
33615,Tampa
33616,Tampa
33617,Tampa
33618,Tampa
33619,Tampa
33620,Tampa
33621,Tampa
33624,Tampa
33625,Tampa
33626,Tampa
33629,Tampa
33633,Tampa
33634,Tampa
33635,Tampa
33637,Tampa
33647,Tampa
33650,Tampa
33655,Tampa
33660,Tampa
33662,Tampa
33663,Tampa
33664,Tampa
33701,Tampa
33702,Tampa
33703,Tampa
33704,Tampa
33705,Tampa
33706,Tampa
33707,Tampa
33708,Tampa
33709,Tampa
33710,Tampa
33711,Tampa
33712,Tampa
33713,Tampa
33714,Tampa
33715,Tampa
33716,Tampa
33729,Tampa
33730,Tampa
33755,Tampa
33756,Tampa
33759,Tampa
33760,Tampa
33761,Tampa
33762,Tampa
33763,Tampa
33764,Tampa
33765,Tampa
33767,Tampa
33769,Tampa
33770,Tampa
33771,Tampa
33772,Tampa
33773,Tampa
33774,Tampa
33776,Tampa
33777,Tampa
33778,Tampa
33781,Tampa
33782,Tampa
33785,Tampa
33786,Tampa
33801,Tampa
33803,Tampa
33805,Tampa
33809,Tampa
33810,Tampa
33811,Tampa
33812,Tampa
33813,Tampa
33815,Tampa
33825,Tampa
33827,Tampa
33830,Tampa
33834,Tampa
33841,Tampa
33843,Tampa
33849,Tampa
33852,Tampa
33857,Tampa
33860,Tampa
33865,Tampa
33867,Tampa
33870,Tampa
33872,Tampa
33873,Tampa
33875,Tampa
33876,Tampa
33890,Tampa
33917,Tampa
33946,Tampa
33947,Tampa
33948,Tampa
34201,Tampa
34202,Tampa
34203,Tampa
34205,Tampa
34207,Tampa
34208,Tampa
34209,Tampa
34210,Tampa
34211,Tampa
34212,Tampa
34215,Tampa
34217,Tampa
34219,Tampa
34221,Tampa
34222,Tampa
34223,Tampa
34224,Tampa
34228,Tampa
34229,Tampa
34231,Tampa
34232,Tampa
34233,Tampa
34234,Tampa
34235,Tampa
34236,Tampa
34237,Tampa
34238,Tampa
34239,Tampa
34240,Tampa
34241,Tampa
34242,Tampa
34243,Tampa
34249,Tampa
34251,Tampa
34266,Tampa
34269,Tampa
34275,Tampa
34285,Tampa
34286,Tampa
34287,Tampa
34288,Tampa
34289,Tampa
34291,Tampa
34292,Tampa
34293,Tampa
34606,Tampa
34607,Tampa
34608,Tampa
34609,Tampa
34610,Tampa
34613,Tampa
34614,Tampa
34637,Tampa
34638,Tampa
34639,Tampa
34652,Tampa
34653,Tampa
34654,Tampa
34655,Tampa
34667,Tampa
34668,Tampa
34669,Tampa
34677,Tampa
34683,Tampa
34684,Tampa
34685,Tampa
34688,Tampa
34689,Tampa
34690,Tampa
34691,Tampa
34695,Tampa
34698,Tampa
33004,Miami
33009,Miami
33010,Miami
33012,Miami
33013,Miami
33014,Miami
33015,Miami
33016,Miami
33018,Miami
33019,Miami
33020,Miami
33021,Miami
33023,Miami
33024,Miami
33025,Miami
33026,Miami
33027,Miami
33028,Miami
33029,Miami
33030,Miami
33031,Miami
33032,Miami
33033,Miami
33034,Miami
33035,Miami
33039,Miami
33054,Miami
33055,Miami
33056,Miami
33060,Miami
33062,Miami
33063,Miami
33064,Miami
33066,Miami
33067,Miami
33068,Miami
33069,Miami
33073,Miami
33076,Miami
33101,Miami
33106,Miami
33112,Miami
33122,Miami
33125,Miami
33126,Miami
33127,Miami
33128,Miami
33129,Miami
33130,Miami
33131,Miami
33132,Miami
33133,Miami
33134,Miami
33135,Miami
33136,Miami
33137,Miami
33138,Miami
33139,Miami
33140,Miami
33141,Miami
33142,Miami
33143,Miami
33144,Miami
33145,Miami
33146,Miami
33147,Miami
33149,Miami
33150,Miami
33151,Miami
33154,Miami
33155,Miami
33156,Miami
33157,Miami
33158,Miami
33160,Miami
33161,Miami
33162,Miami
33165,Miami
33166,Miami
33167,Miami
33168,Miami
33169,Miami
33170,Miami
33172,Miami
33173,Miami
33174,Miami
33175,Miami
33176,Miami
33177,Miami
33178,Miami
33179,Miami
33180,Miami
33181,Miami
33182,Miami
33183,Miami
33184,Miami
33185,Miami
33186,Miami
33187,Miami
33189,Miami
33190,Miami
33193,Miami
33194,Miami
33196,Miami
33198,Miami
33199,Miami
33206,Miami
33256,Miami
33257,Miami
33266,Miami
33283,Miami
33299,Miami
33301,Miami
33304,Miami
33305,Miami
33306,Miami
33308,Miami
33309,Miami
33311,Miami
33312,Miami
33313,Miami
33314,Miami
33315,Miami
33316,Miami
33317,Miami
33319,Miami
33321,Miami
33322,Miami
33323,Miami
33324,Miami
33325,Miami
33326,Miami
33327,Miami
33328,Miami
33330,Miami
33331,Miami
33332,Miami
33334,Miami
33351,Miami
33388,Miami
32713,Orlando
32720,Orlando
32723,Orlando
32724,Orlando
32725,Orlando
32726,Orlando
32728,Orlando
32735,Orlando
32738,Orlando
32744,Orlando
32701,Orlando
32703,Orlando
32757,Orlando
32763,Orlando
32764,Orlando
32707,Orlando
32708,Orlando
32709,Orlando
32776,Orlando
32714,Orlando
32778,Orlando
32730,Orlando
32732,Orlando
32746,Orlando
32750,Orlando
32751,Orlando
32765,Orlando
32766,Orlando
32771,Orlando
32773,Orlando
32779,Orlando
32789,Orlando
32792,Orlando
32798,Orlando
32801,Orlando
32803,Orlando
32804,Orlando
32805,Orlando
32806,Orlando
32807,Orlando
32808,Orlando
32809,Orlando
32810,Orlando
32811,Orlando
32812,Orlando
32814,Orlando
32816,Orlando
32817,Orlando
32818,Orlando
32819,Orlando
32820,Orlando
32821,Orlando
32822,Orlando
32824,Orlando
32825,Orlando
32826,Orlando
32827,Orlando
32828,Orlando
32829,Orlando
32830,Orlando
32831,Orlando
32832,Orlando
32833,Orlando
32834,Orlando
32835,Orlando
32836,Orlando
32837,Orlando
32839,Orlando
32887,Orlando
32897,Orlando
34731,Orlando
32712,Orlando
33848,Orlando
33896,Orlando
33897,Orlando
33898,Orlando
34759,Orlando
34714,Orlando
33823,Orlando
33836,Orlando
33837,Orlando
33838,Orlando
33839,Orlando
33844,Orlando
33850,Orlando
33868,Orlando
33880,Orlando
33881,Orlando
33884,Orlando
32754,Orlando
34711,Orlando
34715,Orlando
34734,Orlando
34739,Orlando
34741,Orlando
34743,Orlando
34744,Orlando
34746,Orlando
34747,Orlando
34756,Orlando
34758,Orlando
34760,Orlando
34761,Orlando
34769,Orlando
34770,Orlando
34771,Orlando
34772,Orlando
34786,Orlando
34787,Orlando
07001,NJ
07002,NJ
07003,NJ
07004,NJ
07006,NJ
07008,NJ
07009,NJ
07010,NJ
07011,NJ
07012,NJ
07013,NJ
07014,NJ
07016,NJ
07017,NJ
07018,NJ
07020,NJ
07021,NJ
07022,NJ
07023,NJ
07024,NJ
07026,NJ
07027,NJ
07028,NJ
07029,NJ
07030,NJ
07031,NJ
07032,NJ
07033,NJ
07034,NJ
07035,NJ
07036,NJ
07039,NJ
07040,NJ
07041,NJ
07042,NJ
07043,NJ
07044,NJ
07045,NJ
07047,NJ
07050,NJ
07052,NJ
07054,NJ
07055,NJ
07057,NJ
07058,NJ
07059,NJ
07060,NJ
07062,NJ
07063,NJ
07064,NJ
07065,NJ
07066,NJ
07067,NJ
07068,NJ
07069,NJ
07070,NJ
07071,NJ
07072,NJ
07073,NJ
07074,NJ
07075,NJ
07076,NJ
07077,NJ
07078,NJ
07079,NJ
07080,NJ
07081,NJ
07082,NJ
07083,NJ
07086,NJ
07087,NJ
07088,NJ
07090,NJ
07092,NJ
07093,NJ
07094,NJ
07095,NJ
07097,NJ
07099,NJ
07102,NJ
07103,NJ
07104,NJ
07105,NJ
07106,NJ
07107,NJ
07108,NJ
07109,NJ
07110,NJ
07111,NJ
07112,NJ
07114,NJ
07175,NJ
07184,NJ
07188,NJ
07189,NJ
07191,NJ
07192,NJ
07193,NJ
07195,NJ
07198,NJ
07199,NJ
07201,NJ
07202,NJ
07203,NJ
07204,NJ
07205,NJ
07206,NJ
07208,NJ
07302,NJ
07304,NJ
07305,NJ
07306,NJ
07307,NJ
07310,NJ
07311,NJ
07395,NJ
07399,NJ
07401,NJ
07407,NJ
07410,NJ
07417,NJ
07423,NJ
07424,NJ
07430,NJ
07432,NJ
07436,NJ
07440,NJ
07442,NJ
07444,NJ
07446,NJ
07450,NJ
07452,NJ
07458,NJ
07463,NJ
07470,NJ
07481,NJ
07495,NJ
07501,NJ
07502,NJ
07503,NJ
07504,NJ
07505,NJ
07506,NJ
07508,NJ
07510,NJ
07512,NJ
07513,NJ
07514,NJ
07522,NJ
07524,NJ
07601,NJ
07603,NJ
07604,NJ
07605,NJ
07606,NJ
07607,NJ
07608,NJ
07620,NJ
07621,NJ
07624,NJ
07626,NJ
07627,NJ
07628,NJ
07630,NJ
07631,NJ
07632,NJ
07640,NJ
07641,NJ
07642,NJ
07643,NJ
07644,NJ
07645,NJ
07646,NJ
07647,NJ
07648,NJ
07649,NJ
07650,NJ
07652,NJ
07656,NJ
07657,NJ
07660,NJ
07661,NJ
07662,NJ
07663,NJ
07666,NJ
07670,NJ
07675,NJ
07676,NJ
07677,NJ
07699,NJ
07701,NJ
07702,NJ
07703,NJ
07704,NJ
07711,NJ
07712,NJ
07715,NJ
07716,NJ
07717,NJ
07718,NJ
07719,NJ
07720,NJ
07721,NJ
07722,NJ
07723,NJ
07724,NJ
07726,NJ
07727,NJ
07728,NJ
07730,NJ
07731,NJ
07732,NJ
07733,NJ
07734,NJ
07735,NJ
07737,NJ
07738,NJ
07739,NJ
07740,NJ
07746,NJ
07747,NJ
07748,NJ
07750,NJ
07751,NJ
07753,NJ
07755,NJ
07756,NJ
07757,NJ
07758,NJ
07760,NJ
07762,NJ
07764,NJ
07799,NJ
07830,NJ
07901,NJ
07920,NJ
07921,NJ
07922,NJ
07924,NJ
07927,NJ
07928,NJ
07931,NJ
07932,NJ
07933,NJ
07934,NJ
07935,NJ
07936,NJ
07939,NJ
07940,NJ
07945,NJ
07946,NJ
07950,NJ
07960,NJ
07974,NJ
07976,NJ
07977,NJ
07980,NJ
07981,NJ
07999,NJ
08010,NJ
08015,NJ
08016,NJ
08022,NJ
08036,NJ
08041,NJ
08046,NJ
08048,NJ
08054,NJ
08057,NJ
08060,NJ
08065,NJ
08068,NJ
08075,NJ
08077,NJ
08501,NJ
08502,NJ
08505,NJ
08510,NJ
08511,NJ
08512,NJ
08514,NJ
08515,NJ
08518,NJ
08520,NJ
08525,NJ
08527,NJ
08528,NJ
08530,NJ
08533,NJ
08534,NJ
08535,NJ
08536,NJ
08540,NJ
08541,NJ
08542,NJ
08544,NJ
08550,NJ
08551,NJ
08553,NJ
08554,NJ
08555,NJ
08556,NJ
08558,NJ
08559,NJ
08560,NJ
08561,NJ
08562,NJ
08608,NJ
08609,NJ
08610,NJ
08611,NJ
08618,NJ
08619,NJ
08620,NJ
08628,NJ
08629,NJ
08638,NJ
08640,NJ
08641,NJ
08645,NJ
08646,NJ
08647,NJ
08648,NJ
08666,NJ
08690,NJ
08691,NJ
08695,NJ
08701,NJ
08721,NJ
08722,NJ
08723,NJ
08724,NJ
08730,NJ
08731,NJ
08733,NJ
08734,NJ
08736,NJ
08741,NJ
08742,NJ
08750,NJ
08753,NJ
08755,NJ
08757,NJ
08759,NJ
08801,NJ
08805,NJ
08807,NJ
08809,NJ
08810,NJ
08812,NJ
08816,NJ
08817,NJ
08820,NJ
08822,NJ
08823,NJ
08824,NJ
08825,NJ
08828,NJ
08829,NJ
08830,NJ
08831,NJ
08832,NJ
08833,NJ
08835,NJ
08836,NJ
08837,NJ
08840,NJ
08844,NJ
08846,NJ
08850,NJ
08852,NJ
08853,NJ
08854,NJ
08857,NJ
08858,NJ
08859,NJ
08861,NJ
08863,NJ
08867,NJ
08869,NJ
08872,NJ
08873,NJ
08876,NJ
08879,NJ
08880,NJ
08882,NJ
08884,NJ
08887,NJ
08889,NJ
08899,NJ
08901,NJ
08902,NJ
08904,NJ
08933,NJ
08989,NJ
18902,NJ
18912,NJ
18913,NJ
18925,NJ
18929,NJ
18933,NJ
18934,NJ
18936,NJ
18938,NJ
18940,NJ
18946,NJ
18954,NJ
18966,NJ
18974,NJ
18976,NJ
18977,NJ
18980,NJ
18991,NJ
19001,NJ
19002,NJ
19006,NJ
19007,NJ
19012,NJ
19020,NJ
19021,NJ
19025,NJ
19027,NJ
19030,NJ
19040,NJ
19044,NJ
19046,NJ
19047,NJ
19048,NJ
19049,NJ
19053,NJ
19054,NJ
19055,NJ
19056,NJ
19057,NJ
19067,NJ
19090,NJ
19095,NJ
19111,NJ
19114,NJ
19115,NJ
19116,NJ
19135,NJ
19136,NJ
19149,NJ
19152,NJ
19154,NJ
19454,NJ
19477,NJ
06830,NY
06831,NY
06925,NY
06928,NY
10001,NY
10002,NY
10003,NY
10004,NY
10005,NY
10006,NY
10007,NY
10009,NY
10010,NY
10011,NY
10012,NY
10013,NY
10014,NY
10016,NY
10017,NY
10018,NY
10019,NY
10020,NY
10021,NY
10022,NY
10023,NY
10024,NY
10025,NY
10026,NY
10027,NY
10028,NY
10029,NY
10030,NY
10031,NY
10032,NY
10033,NY
10034,NY
10035,NY
10036,NY
10037,NY
10038,NY
10039,NY
10040,NY
10065,NY
10075,NY
10103,NY
10110,NY
10111,NY
10112,NY
10119,NY
10128,NY
10152,NY
10153,NY
10154,NY
10165,NY
10167,NY
10168,NY
10169,NY
10170,NY
10171,NY
10172,NY
10173,NY
10174,NY
10177,NY
10199,NY
10271,NY
10279,NY
10280,NY
10282,NY
10301,NY
10302,NY
10303,NY
10304,NY
10305,NY
10306,NY
10307,NY
10308,NY
10309,NY
10310,NY
10311,NY
10312,NY
10314,NY
10451,NY
10452,NY
10453,NY
10454,NY
10455,NY
10456,NY
10457,NY
10458,NY
10459,NY
10460,NY
10461,NY
10462,NY
10463,NY
10464,NY
10465,NY
10466,NY
10467,NY
10468,NY
10469,NY
10470,NY
10471,NY
10472,NY
10473,NY
10474,NY
10475,NY
10502,NY
10504,NY
10507,NY
10510,NY
10514,NY
10522,NY
10523,NY
10528,NY
10530,NY
10532,NY
10533,NY
10538,NY
10543,NY
10546,NY
10549,NY
10550,NY
10552,NY
10553,NY
10562,NY
10570,NY
10573,NY
10577,NY
10580,NY
10583,NY
10591,NY
10594,NY
10595,NY
10601,NY
10603,NY
10604,NY
10605,NY
10606,NY
10607,NY
10701,NY
10703,NY
10704,NY
10705,NY
10706,NY
10707,NY
10708,NY
10709,NY
10710,NY
10801,NY
10803,NY
10804,NY
10805,NY
10913,NY
10920,NY
10952,NY
10954,NY
10956,NY
10960,NY
10962,NY
10964,NY
10965,NY
10968,NY
10977,NY
10983,NY
10989,NY
10994,NY
11001,NY
11003,NY
11004,NY
11005,NY
11010,NY
11020,NY
11021,NY
11023,NY
11024,NY
11030,NY
11040,NY
11042,NY
11050,NY
11096,NY
11101,NY
11102,NY
11103,NY
11104,NY
11105,NY
11106,NY
11201,NY
11203,NY
11204,NY
11205,NY
11206,NY
11207,NY
11208,NY
11209,NY
11210,NY
11211,NY
11212,NY
11213,NY
11214,NY
11215,NY
11216,NY
11217,NY
11218,NY
11219,NY
11220,NY
11221,NY
11222,NY
11223,NY
11224,NY
11225,NY
11226,NY
11228,NY
11229,NY
11230,NY
11231,NY
11232,NY
11233,NY
11234,NY
11235,NY
11236,NY
11237,NY
11238,NY
11239,NY
11241,NY
11242,NY
11243,NY
11245,NY
11249,NY
11251,NY
11252,NY
11256,NY
11354,NY
11355,NY
11356,NY
11357,NY
11358,NY
11360,NY
11361,NY
11362,NY
11363,NY
11364,NY
11365,NY
11366,NY
11367,NY
11368,NY
11369,NY
11370,NY
11371,NY
11372,NY
11373,NY
11374,NY
11375,NY
11377,NY
11378,NY
11379,NY
11385,NY
11411,NY
11412,NY
11413,NY
11414,NY
11415,NY
11416,NY
11417,NY
11418,NY
11419,NY
11420,NY
11421,NY
11422,NY
11423,NY
11426,NY
11427,NY
11428,NY
11429,NY
11430,NY
11432,NY
11433,NY
11434,NY
11435,NY
11436,NY
11439,NY
11451,NY
11501,NY
11507,NY
11509,NY
11510,NY
11514,NY
11516,NY
11518,NY
11520,NY
11530,NY
11542,NY
11545,NY
11548,NY
11549,NY
11550,NY
11552,NY
11553,NY
11554,NY
11556,NY
11557,NY
11558,NY
11559,NY
11560,NY
11561,NY
11563,NY
11565,NY
11566,NY
11568,NY
11570,NY
11572,NY
11575,NY
11576,NY
11577,NY
11579,NY
11580,NY
11581,NY
11590,NY
11596,NY
11598,NY
11691,NY
11692,NY
11693,NY
11694,NY
11697,NY
11701,NY
11702,NY
11703,NY
11704,NY
11705,NY
11706,NY
11709,NY
11710,NY
11713,NY
11714,NY
11715,NY
11716,NY
11717,NY
11718,NY
11720,NY
11721,NY
11722,NY
11724,NY
11725,NY
11726,NY
11727,NY
11729,NY
11730,NY
11731,NY
11732,NY
11733,NY
11735,NY
11738,NY
11740,NY
11741,NY
11742,NY
11743,NY
11746,NY
11747,NY
11749,NY
11751,NY
11752,NY
11753,NY
11754,NY
11755,NY
11756,NY
11757,NY
11758,NY
11762,NY
11763,NY
11765,NY
11766,NY
11767,NY
11768,NY
11769,NY
11771,NY
11772,NY
11776,NY
11777,NY
11779,NY
11780,NY
11782,NY
11783,NY
11784,NY
11787,NY
11788,NY
11790,NY
11791,NY
11793,NY
11794,NY
11795,NY
11796,NY
11797,NY
11798,NY
11801,NY
11803,NY
11804,NY